timestamp,log_message
2024-11-20 08:00:00,systemd: Starting LSB: core monitoring daemon...
2024-11-20 08:00:05,kernel: [0.000000] Linux version 5.15.0-generic (gcc version 11.2.0)
2024-11-20 08:00:10,kernel: [1.245678] sd 0:0:0:0: [sda] Attached SCSI disk
2024-11-20 08:01:45,sshd: Server listening on 0.0.0.0 port 22.
2024-11-20 08:02:10,systemd: Started Nginx - high performance web server.
2024-11-20 08:02:15,mysqld: Ready for connections. Version: '8.0.28' port: 3306.
2024-11-20 08:05:22,192.168.1.45 - - [20/Nov/2024:08:05:22] "GET /index.html HTTP/1.1" 200 2326
2024-11-20 08:05:22,192.168.1.45 - - [20/Nov/2024:08:05:22] "GET /favicon.ico HTTP/1.1" 404 197
2024-11-20 08:05:23,192.168.1.45 - - [20/Nov/2024:08:05:23] "GET /style.css HTTP/1.1" 200 1024
2024-11-20 08:10:01,CRON: pam_unix(cron:session): session opened for user root by (uid=0)
2024-11-20 08:10:05,CRON: pam_unix(cron:session): session closed for user root
2024-11-20 09:15:40,10.0.2.15 - - [20/Nov/2024:09:15:40] "POST /api/v1/login HTTP/1.1" 200 512
2024-11-20 09:30:12,sshd: Failed password for root from 192.168.1.105 port 45672 ssh2
2024-11-20 09:30:14,sshd: Failed password for root from 192.168.1.105 port 45672 ssh2
2024-11-20 09:30:16,sshd: Failed password for root from 192.168.1.105 port 45672 ssh2
2024-11-20 09:30:18,sshd: Failed password for root from 192.168.1.105 port 45672 ssh2
2024-11-20 09:30:20,sshd: Failed password for root from 192.168.1.105 port 45672 ssh2
2024-11-20 09:30:25,sshd: PAM 5 more authentication failures; rhost=192.168.1.105
2024-11-20 10:00:01,backup.sh: Starting full rsync backup to /mnt/storage/backups
2024-11-20 10:00:05,rsync: sending incremental file list
2024-11-20 10:05:45,rsync: sent 3.47M bytes received 96 bytes 449.21K bytes/sec
2024-11-20 10:05:50,backup.sh: Backup completed successfully. Size: 3.5GB
2024-11-20 11:15:00,kernel: [11567.123] Cpu utilization over 300 seconds is 83%, exceeded log level 80%
2024-11-20 11:15:05,10.0.2.20 - - [20/Nov/2024:11:15:05] "GET /api/v1/search?q=query HTTP/1.1" 500 197
2024-11-20 11:15:06,nginx: [error] 1245#0: *456 connect() failed (111: Connection refused)
2024-11-20 11:20:10,mysqld: Aborted connection 123 to db: 'app' user: 'user'
2024-11-20 11:20:12,mysqld: Too many connections
2024-11-20 12:00:00,192.168.1.50 - - [20/Nov/2024:12:00:00] "GET /admin HTTP/1.1" 403 562
2024-11-20 12:00:01,sshd: Invalid user admin from 192.168.1.50 port 51234
2024-11-20 12:00:03,sshd: Failed password for invalid user admin from 192.168.1.50 port 51234
2024-11-20 13:45:12,kernel: audit: audit_backlog=65 > audit_backlog_limit=64
2024-11-20 13:45:15,auditd: Audit daemon is low on disk space for logging
2024-11-20 14:00:00,systemd: Reached target Daily Cleanup of Temporary Directories.
2024-11-20 15:20:30,10.0.2.30 - - [20/Nov/2024:15:20:30] "GET /not-found HTTP/1.1" 404 152
2024-11-20 15:20:31,10.0.2.30 - - [20/Nov/2024:15:20:31] "GET /favicon.ico HTTP/1.1" 404 152
2024-11-20 16:10:00,sudo: user1 : TTY=pts/0 ; PWD=/home/user1 ; USER=root ; COMMAND=/usr/bin/apt update
2024-11-20 16:10:05,pam_unix(sudo:session): session opened for user root(uid=0) by user1(uid=1000)
2024-11-20 16:12:30,pam_unix(sudo:session): session closed for user root
2024-11-20 17:00:01,kernel: [24567.890] Memory usage threshold red (88%) exceeded
2024-11-20 17:00:05,kernel: [24567.895] Out of memory: kill process 1456 (mysqld) score 950
2024-11-20 17:00:08,systemd: mysql.service: Main process exited, code=killed, status=9/KILL
2024-11-20 17:00:10,systemd: mysql.service: Failed with result 'signal'.
2024-11-20 17:05:01,192.168.1.45 - - [20/Nov/2024:17:05:01] "GET /index.html HTTP/1.1" 500 197
2024-11-20 17:05:02,192.168.1.45 - - [20/Nov/2024:17:05:02] "GET /index.html HTTP/1.1" 500 197
2024-11-20 18:00:00,systemd: Starting Graceful restart of Nginx...
2024-11-20 18:00:05,nginx: [notice] 7890#0: signal process started
2024-11-20 19:30:15,sshd: Accepted password for user1 from 192.168.1.10 port 56782 ssh2
2024-11-20 19:30:16,pam_unix(sshd:session): session opened for user user1 by (uid=0)
2024-11-20 20:45:00,10.0.5.10 - - [20/Nov/2024:20:45:00] "GET /api/v2/data HTTP/1.1" 200 10240
2024-11-20 21:00:00,CRON: pam_unix(cron:session): session opened for user root by (uid=0)
2024-11-20 21:00:10,CRON: pam_unix(cron:session): session closed for user root
2024-11-20 22:00:00,systemd: Starting Weekly System Backup...
2024-11-20 22:30:45,systemd: Started Weekly System Backup.
2024-11-21 00:01:10,kernel: [54321.123] systemd-journald: Runtime journal is using 8.0M.
2024-11-21 02:00:00,kernel: [61234.567] systemd-journald: Vacuuming done, freed 0B of journals.
2024-11-21 04:30:22,192.168.1.150 - - [21/Nov/2024:04:30:22] "GET /wp-login.php HTTP/1.1" 404 152
2024-11-21 04:30:23,192.168.1.150 - - [21/Nov/2024:04:30:23] "GET /phpmyadmin/ HTTP/1.1" 404 152
2024-11-21 04:30:25,192.168.1.150 - - [21/Nov/2024:04:30:25] "GET /admin/config.php HTTP/1.1" 404 152
2024-11-21 06:15:00,systemd: Stopping System Logging Service...
2024-11-21 06:15:02,systemd: Stopped System Logging Service.
2024-11-21 06:15:10,systemd: Starting System Logging Service...
2024-11-21 06:15:12,systemd: Started System Logging Service.
2024-11-21 08:00:01,systemd: Starting Daily Backup Script...
2024-11-21 08:30:45,backup.sh: Database dump completed for 'production_db'
2024-11-21 08:35:12,backup.sh: Success: All 12 tables exported.
2024-11-21 09:45:00,10.0.1.50 - - [21/Nov/2024:09:45:00] "GET /images/logo.png HTTP/1.1" 200 4562
2024-11-21 11:20:34,sshd: Failed password for root from 10.0.5.200 port 38921 ssh2
2024-11-21 11:20:36,sshd: Failed password for root from 10.0.5.200 port 38921 ssh2
2024-11-21 11:20:38,sshd: Failed password for root from 10.0.5.200 port 38921 ssh2
2024-11-21 11:20:40,sshd: Failed password for root from 10.0.5.200 port 38921 ssh2
2024-11-21 11:20:42,sshd: Failed password for root from 10.0.5.200 port 38921 ssh2
2024-11-21 12:00:00,kernel: [98765.432] sd 0:0:0:0: [sda] 1234567 512-byte logical blocks
2024-11-21 13:15:45,192.168.1.20 - - [21/Nov/2024:13:15:45] "POST /api/v1/update HTTP/1.1" 202 0
2024-11-21 14:40:12,mysqld: [Note] Initializing builtin self test.
2024-11-21 16:22:10,kernel: [102345.678] disk space low on /var, 5% remaining
2024-11-21 16:22:15,rsyslogd: action 'builtin:omfile' suspended, next retry in 30 seconds
2024-11-21 18:00:01,CRON: pam_unix(cron:session): session opened for user root by (uid=0)
2024-11-21 18:00:05,CRON: pam_unix(cron:session): session closed for user root
2024-11-21 19:45:30,10.0.2.100 - - [21/Nov/2024:19:45:30] "GET /downloads/archive.zip HTTP/1.1" 200 104857600
2024-11-21 21:15:12,sshd: Accepted publickey for user2 from 192.168.1.55 port 41234 ssh2
2024-11-21 21:15:13,pam_unix(sshd:session): session opened for user user2 by (uid=0)
2024-11-21 22:45:00,systemd: Starting Daily Database Cleanup...
2024-11-21 22:50:12,systemd: Started Daily Database Cleanup.
2024-11-22 00:00:01,systemd: Starting Rotation of log files...
2024-11-22 00:00:10,logrotate: rotating log /var/log/nginx/access.log
2024-11-22 00:00:15,logrotate: compressing log /var/log/nginx/access.log.1
2024-11-22 02:34:56,sshd: Did not receive identification string from 192.168.1.254 port 38210
2024-11-22 04:15:12,10.0.5.45 - - [22/Nov/2024:04:15:12] "GET /health HTTP/1.1" 200 2
2024-11-22 08:00:01,systemd: Starting Full System Backup...
2024-11-22 08:15:45,backup.sh: Success: Backup verified with checksum.
2024-11-22 10:12:34,192.168.1.10 - - [22/Nov/2024:10:12:34] "PUT /api/v1/resource/123 HTTP/1.1" 204 0
2024-11-22 11:45:00,kernel: [145678.901] CPU utilization 92% (User: 85%, System: 7%)
2024-11-22 11:45:05,10.0.1.20 - - [22/Nov/2024:11:45:05] "GET /api/v1/heavy-query HTTP/1.1" 504 197
2024-11-22 11:45:10,nginx: [error] 1245#0: *890 upstream timed out (110: Connection timed out)
2024-11-22 13:20:12,mysqld: Changed limits: max_open_files: 1024
2024-11-22 15:10:45,sshd: Failed password for root from 192.168.1.105 port 45672 ssh2
2024-11-22 15:10:47,sshd: Failed password for root from 192.168.1.105 port 45672 ssh2
2024-11-22 15:10:49,sshd: Failed password for root from 192.168.1.105 port 45672 ssh2
2024-11-22 16:30:00,pam_unix(sshd:session): session closed for user user1
2024-11-22 17:15:12,systemd: Stopping Nginx - high performance web server...
2024-11-22 17:15:15,systemd: Stopped Nginx - high performance web server.
2024-11-22 17:20:10,systemd: Starting Nginx - high performance web server...
2024-11-22 17:20:12,systemd: Started Nginx - high performance web server.
2024-11-22 19:45:00,10.0.2.15 - - [22/Nov/2024:19:45:00] "GET /api/v1/status HTTP/1.1" 200 156
2024-11-22 21:00:00,CRON: pam_unix(cron:session): session opened for user root by (uid=0)
2024-11-22 21:00:10,CRON: pam_unix(cron:session): session closed for user root
2024-11-23 01:00:00,systemd: Starting Daily Security Audit...
2024-11-23 01:15:30,systemd: Started Daily Security Audit.
2024-11-23 04:30:12,192.168.1.105 - - [23/Nov/2024:04:30:12] "GET /admin/setup.php HTTP/1.1" 404 152
2024-11-23 06:15:12,kernel: [198765.123] systemd-journald: Journal stopped.
2024-11-23 06:15:15,kernel: [198768.456] Reclaiming memory for slab cache.
2024-11-23 08:00:01,systemd: Starting User Login Management Service...
2024-11-23 10:15:45,10.0.5.10 - - [23/Nov/2024:10:15:45] "POST /api/v2/data HTTP/1.1" 201 12
2024-11-23 12:00:00,sudo: user2 : PWD=/home/user2 ; USER=root ; COMMAND=/usr/bin/tail -f /var/log/auth.log
2024-11-23 14:22:34,sshd: Failed password for root from 192.168.1.45 port 56781 ssh2
2024-11-23 14:22:36,sshd: Failed password for root from 192.168.1.45 port 56781 ssh2
2024-11-23 14:22:38,sshd: Failed password for root from 192.168.1.45 port 56781 ssh2
2024-11-23 14:22:40,sshd: Failed password for root from 192.168.1.45 port 56781 ssh2
2024-11-23 16:30:12,mysqld: [Note] Connection ID 567 updated to db 'app'
2024-11-23 18:00:01,CRON: pam_unix(cron:session): session opened for user root by (uid=0)
2024-11-23 18:00:05,CRON: pam_unix(cron:session): session closed for user root
2024-11-23 20:15:10,10.0.1.10 - - [23/Nov/2024:20:15:10] "GET /api/health HTTP/1.1" 200 2
2024-11-23 22:45:00,systemd: Starting Transaction Log Backup...
2024-11-23 22:45:10,mssql-server: Backup log of database [production_db] succeeded.
2024-11-24 02:15:45,kernel: [245678.901] rsync: file1.zip is uptodate
2024-11-24 04:30:12,192.168.1.105 - - [24/Nov/2024:04:30:12] "GET /.env HTTP/1.1" 404 152
2024-11-24 04:30:13,192.168.1.105 - - [24/Nov/2024:04:30:13] "GET /.git/config HTTP/1.1" 404 152
2024-11-24 08:00:01,systemd: Starting Full System Reboot for Updates...
2024-11-24 08:00:05,User32: The process reboot.exe has initiated the restart for user SYSTEM
2024-11-24 08:01:10,Kernel-General: The operating system started at system time 2024-11-24 08:01:10
2024-11-24 08:01:15,EventLog: The Event log service was started.
2024-11-24 08:05:45,sshd: Server listening on 0.0.0.0 port 22.
2024-11-24 10:15:00,10.0.5.10 - - [24/Nov/2024:10:15:00] "GET /index.html HTTP/1.1" 200 2326
2024-11-24 12:00:12,sshd: Accepted password for admin from 192.168.1.10 port 45672 ssh2
2024-11-24 12:00:13,pam_unix(sshd:session): session opened for user admin by (uid=0)
2024-11-24 14:40:12,mysqld: [Note] Initializing builtin self test.
2024-11-24 16:22:10,192.168.1.250 - - [24/Nov/2024:16:22:10] "GET /api/v1/metrics HTTP/1.1" 200 152
2024-11-24 18:00:01,CRON: pam_unix(cron:session): session opened for user root by (uid=0)
2024-11-24 18:00:05,CRON: pam_unix(cron:session): session closed for user root
2024-11-24 19:45:30,10.0.2.100 - - [24/Nov/2024:19:45:30] "GET /downloads/data.tar.gz HTTP/1.1" 200 102456
2024-11-24 21:15:12,sshd: Failed password for root from 192.168.1.200 port 51234 ssh2
2024-11-24 21:15:14,sshd: Failed password for root from 192.168.1.200 port 51234 ssh2
2024-11-24 21:15:16,sshd: Failed password for root from 192.168.1.200 port 51234 ssh2
2024-11-24 22:45:00,systemd: Starting Daily Security Report...
2024-11-24 22:50:12,systemd: Started Daily Security Report.
2024-11-25 00:00:01,systemd: Starting Rotation of log files...
2024-11-25 00:00:10,logrotate: rotating log /var/log/syslog
2024-11-25 02:15:45,10.0.5.45 - - [25/Nov/2024:02:15:45] "GET /health HTTP/1.1" 200 2
2024-11-25 04:30:12,192.168.1.105 - - [25/Nov/2024:04:30:12] "GET /etc/passwd HTTP/1.1" 404 152
2024-11-25 08:00:01,systemd: Starting Hourly Database Sync...
2024-11-25 10:12:34,192.168.1.10 - - [25/Nov/2024:10:12:34] "GET /api/v1/user/100 HTTP/1.1" 200 125
2024-11-25 11:45:00,kernel: [215678.901] systemd-journald: Runtime journal is using 9.5M.
2024-11-25 13:20:12,mysqld: [Note] Connection ID 890 updated to db 'app'
2024-11-25 15:10:45,sshd: Failed password for root from 192.168.1.105 port 45672 ssh2
2024-11-25 15:10:47,sshd: Failed password for root from 192.168.1.105 port 45672 ssh2
2024-11-25 16:30:00,pam_unix(sshd:session): session closed for user user2
2024-11-25 18:00:01,CRON: pam_unix(cron:session): session opened for user root by (uid=0)
2024-11-25 18:00:05,CRON: pam_unix(cron:session): session closed for user root
2024-11-25 20:15:10,10.0.1.10 - - [25/Nov/2024:20:15:10] "GET /api/health HTTP/1.1" 200 2
2024-11-25 22:45:00,systemd: Starting Full System Backup...
2024-11-25 23:30:45,systemd: Started Full System Backup.
2024-11-26 01:15:12,192.168.1.10 - - [26/Nov/2024:01:15:12] "GET /api/v1/config HTTP/1.1" 200 512
2024-11-26 04:30:12,192.168.1.45 - - [26/Nov/2024:04:30:12] "GET /admin/setup.php HTTP/1.1" 404 152
2024-11-26 08:00:01,systemd: Starting Daily Temp Clean...
2024-11-26 10:15:45,10.0.5.10 - - [26/Nov/2024:10:15:45] "POST /api/v2/data HTTP/1.1" 201 12
2024-11-26 12:00:12,sshd: Failed password for root from 192.168.1.200 port 51234 ssh2
2024-11-26 12:00:14,sshd: Failed password for root from 192.168.1.200 port 51234 ssh2
2024-11-26 14:22:34,mysqld: [Note] Connection ID 1234 updated to db 'app'
2024-11-26 16:30:12,192.168.1.250 - - [26/Nov/2024:16:30:12] "GET /api/v1/metrics HTTP/1.1" 200 152
2024-11-26 18:00:01,CRON: pam_unix(cron:session): session opened for user root by (uid=0)
2024-11-26 18:00:05,CRON: pam_unix(cron:session): session closed for user root
2024-11-26 20:15:10,10.0.1.10 - - [26/Nov/2024:20:15:10] "GET /api/health HTTP/1.1" 200 2
2024-11-26 22:45:00,systemd: Starting Daily Audit Script...
2024-11-26 22:50:12,systemd: Started Daily Audit Script.
2024-11-27 00:00:01,systemd: Starting Log file rotation...
2024-11-27 02:15:45,10.0.5.45 - - [27/Nov/2024:02:15:45] "GET /health HTTP/1.1" 200 2
2024-11-27 04:30:12,192.168.1.105 - - [27/Nov/2024:04:30:12] "GET /admin/config.php HTTP/1.1" 404 152
2024-11-27 08:00:01,systemd: Starting Periodic Log Cleanup...
2024-11-27 10:12:34,192.168.1.10 - - [27/Nov/2024:10:12:34] "GET /api/v1/user/101 HTTP/1.1" 200 125
2024-11-27 12:00:12,sshd: Accepted password for root from 192.168.1.10 port 45672 ssh2
2024-11-27 12:00:13,pam_unix(sshd:session): session opened for user root by (uid=0)
2024-11-27 14:40:12,mysqld: [Note] Initializing builtin self test.
2024-11-27 16:22:10,192.168.1.250 - - [27/Nov/2024:16:22:10] "GET /api/v1/metrics HTTP/1.1" 200 152
2024-11-27 18:00:01,CRON: pam_unix(cron:session): session opened for user root by (uid=0)
2024-11-27 18:00:05,CRON: pam_unix(cron:session): session closed for user root
2024-11-27 19:45:30,10.0.2.100 - - [27/Nov/2024:19:45:30] "GET /downloads/data.tar.gz HTTP/1.1" 200 102456
2024-11-27 21:15:12,sshd: Failed password for root from 192.168.1.200 port 51234 ssh2
2024-11-27 21:15:14,sshd: Failed password for root from 192.168.1.200 port 51234 ssh2
2024-11-27 22:45:00,systemd: Starting Nightly Security Scan...
2024-11-27 22:50:12,systemd: Started Nightly Security Scan.
2024-11-28 00:00:01,systemd: Starting Log Rotation...
2024-11-28 02:15:45,10.0.5.45 - - [28/Nov/2024:02:15:45] "GET /health HTTP/1.1" 200 2
2024-11-28 04:30:12,192.168.1.105 - - [28/Nov/2024:04:30:12] "GET /admin/setup.php HTTP/1.1" 404 152
2024-11-28 08:00:01,systemd: Starting Daily Temp File Cleanup...
2024-11-28 10:12:34,192.168.1.10 - - [28/Nov/2024:10:12:34] "GET /api/v1/user/102 HTTP/1.1" 200 125
2024-11-28 12:00:12,sshd: Failed password for root from 192.168.1.200 port 51234 ssh2
2024-11-28 12:00:14,sshd: Failed password for root from 192.168.1.200 port 51234 ssh2
2024-11-28 14:40:12,mysqld: [Note] Initializing builtin self test.
2024-11-28 16:22:10,192.168.1.250 - - [28/Nov/2024:16:22:10] "GET /api/v1/metrics HTTP/1.1" 200 152
2024-11-28 18:00:01,CRON: pam_unix(cron:session): session opened for user root by (uid=0)
2024-11-28 18:00:05,CRON: pam_unix(cron:session): session closed for user root
2024-11-28 19:45:30,10.0.2.100 - - [28/Nov/2024:19:45:30] "GET /downloads/data.tar.gz HTTP/1.1" 200 102456
2024-11-28 21:15:12,sshd: Accepted password for root from 192.168.1.10 port 45672 ssh2
2024-11-28 21:15:13,pam_unix(sshd:session): session opened for user root by (uid=0)
2024-11-28 22:45:00,systemd: Starting Nightly Audit...
2024-11-28 22:50:12,systemd: Started Nightly Audit.
2024-11-29 00:00:01,systemd: Starting Log Rotation...
2024-11-29 02:15:45,10.0.5.45 - - [29/Nov/2024:02:15:45] "GET /health HTTP/1.1" 200 2
2024-11-29 04:30:12,192.168.1.105 - - [29/Nov/2024:04:30:12] "GET /admin/config.php HTTP/1.1" 404 152
2024-11-29 08:00:01,systemd: Starting Weekly Backup Script...
2024-11-29 10:12:34,192.168.1.10 - - [29/Nov/2024:10:12:34] "GET /api/v1/user/103 HTTP/1.1" 200 125
2024-11-29 12:00:12,sshd: Failed password for root from 192.168.1.200 port 51234 ssh2
2024-11-29 12:00:14,sshd: Failed password for root from 192.168.1.200 port 51234 ssh2
2024-11-29 14:40:12,mysqld: [Note] Initializing builtin self test.
2024-11-29 16:22:10,192.168.1.250 - - [29/Nov/2024:16:22:10] "GET /api/v1/metrics HTTP/1.1" 200 152
2024-11-29 18:00:01,CRON: pam_unix(cron:session): session opened for user root by (uid=0)
2024-11-29 18:00:05,CRON: pam_unix(cron:session): session closed for user root
2024-11-29 19:45:30,10.0.2.100 - - [29/Nov/2024:19:45:30] "GET /downloads/data.tar.gz HTTP/1.1" 200 102456
2024-11-29 21:15:12,sshd: Failed password for root from 192.168.1.200 port 51234 ssh2
2024-11-29 21:15:14,sshd: Failed password for root from 192.168.1.200 port 51234 ssh2
2024-11-29 22:45:00,systemd: Starting Nightly Security Audit...
2024-11-29 22:50:12,systemd: Started Nightly Security Audit.
2024-11-30 00:00:01,systemd: Starting Log Rotation...
2024-11-30 02:15:45,10.0.5.45 - - [30/Nov/2024:02:15:45] "GET /health HTTP/1.1" 200 2
2024-11-30 04:30:12,192.168.1.105 - - [30/Nov/2024:04:30:12] "GET /admin/setup.php HTTP/1.1" 404 152
2024-11-30 08:00:01,systemd: Starting Daily Backup Script...
2024-11-30 10:12:34,192.168.1.10 - - [30/Nov/2024:10:12:34] "GET /api/v1/user/104 HTTP/1.1" 200 125
2024-11-30 12:00:12,sshd: Accepted password for root from 192.168.1.10 port 45672 ssh2
2024-11-30 12:00:13,pam_unix(sshd:session): session opened for user root by (uid=0)
2024-11-30 14:40:12,mysqld: [Note] Initializing builtin self test.
2024-11-30 16:22:10,192.168.1.250 - - [30/Nov/2024:16:22:10] "GET /api/v1/metrics HTTP/1.1" 200 152
2024-11-30 18:00:01,CRON: pam_unix(cron:session): session opened for user root by (uid=0)
2024-11-30 18:00:05,CRON: pam_unix(cron:session): session closed for user root
2024-11-30 19:45:30,10.0.2.100 - - [30/Nov/2024:19:45:30] "GET /downloads/data.tar.gz HTTP/1.1" 200 102456
2024-11-30 21:15:12,sshd: Failed password for root from 192.168.1.200 port 51234 ssh2
2024-11-30 21:15:14,sshd: Failed password for root from 192.168.1.200 port 51234 ssh2
2024-11-30 22:45:00,systemd: Starting Nightly Security Audit...
2024-11-30 22:50:12,systemd: Started Nightly Security Audit.
2024-12-01 00:00:01,systemd: Starting Monthly Log Cleanup...
2024-12-01 02:15:45,10.0.5.45 - - "GET /health HTTP/1.1" 200 2
2024-12-01 04:30:12,192.168.1.105 - - "GET /admin/config.php HTTP/1.1" 404 152
2024-12-01 08:00:01,systemd: Starting Monthly System Backup...
2024-12-01 10:12:34,192.168.1.10 - - "GET /api/v1/user/105 HTTP/1.1" 200 125
2024-12-01 12:00:12,sshd: Failed password for root from 192.168.1.200 port 51234 ssh2
2024-12-01 12:00:14,sshd: Failed password for root from 192.168.1.200 port 51234 ssh2
2024-12-01 14:40:12,mysqld: [Note] Initializing builtin self test.
2024-12-01 16:22:10,192.168.1.250 - - "GET /api/v1/metrics HTTP/1.1" 200 152
2024-12-01 18:00:01,CRON: pam_unix(cron:session): session opened for user root by (uid=0)
2024-12-01 18:00:05,CRON: pam_unix(cron:session): session closed for user root
2024-12-01 19:45:30,10.0.2.100 - - "GET /downloads/data.tar.gz HTTP/1.1" 200 102456
2024-12-01 21:15:12,sshd: Accepted password for root from 192.168.1.10 port 45672 ssh2
2024-12-01 21:15:13,pam_unix(sshd:session): session opened for user root by (uid=0)
2024-12-01 22:45:00,systemd: Starting Monthly Security Audit...
2024-12-01 22:50:12,systemd: Started Monthly Security Audit.
2024-12-02 00:00:01,systemd: Starting Log Rotation...
2024-12-02 02:15:45,10.0.5.45 - - "GET /health HTTP/1.1" 200 2
2024-12-02 04:30:12,192.168.1.105 - - "GET /admin/setup.php HTTP/1.1" 404 152
2024-12-02 08:00:01,systemd: Starting Daily Cleanup...
2024-12-02 10:12:34,192.168.1.10 - - "GET /api/v1/user/106 HTTP/1.1" 200 125
2024-12-02 12:00:12,sshd: Failed password for root from 192.168.1.200 port 51234 ssh2
2024-12-02 12:00:14,sshd: Failed password for root from 192.168.1.200 port 51234 ssh2
2024-12-02 14:40:12,mysqld: [Note] Initializing builtin self test.
2024-12-02 16:22:10,192.168.1.250 - - "GET /api/v1/metrics HTTP/1.1" 200 152
2024-12-02 18:00:01,CRON: pam_unix(cron:session): session opened for user root by (uid=0)
2024-12-02 18:00:05,CRON: pam_unix(cron:session): session closed for user root
2024-12-02 19:45:30,10.0.2.100 - - "GET /downloads/data.tar.gz HTTP/1.1" 200 102456
2024-12-02 21:15:12,sshd: Failed password for root from 192.168.1.200 port 51234 ssh2
2024-12-02 21:15:14,sshd: Failed password for root from 192.168.1.200 port 51234 ssh2
2024-12-02 22:45:00,systemd: Starting Nightly Audit...
2024-12-02 22:50:12,systemd: Started Nightly Audit.
2024-12-03 00:00:01,systemd: Starting Log Rotation...
2024-12-03 02:15:45,10.0.5.45 - - "GET /health HTTP/1.1" 200 2
2024-12-03 04:30:12,192.168.1.105 - - "GET /admin/config.php HTTP/1.1" 404 152
2024-12-03 08:00:01,systemd: Starting Daily Temp Cleanup...
2024-12-03 10:12:34,192.168.1.10 - - "GET /api/v1/user/107 HTTP/1.1" 200 125
2024-12-03 12:00:12,sshd: Accepted password for root from 192.168.1.10 port 45672 ssh2
2024-12-03 12:00:13,pam_unix(sshd:session): session opened for user root by (uid=0)
2024-12-03 14:40:12,mysqld: [Note] Initializing builtin self test.
2024-12-03 16:22:10,192.168.1.250 - - "GET /api/v1/metrics HTTP/1.1" 200 152
2024-12-03 18:00:01,CRON: pam_unix(cron:session): session opened for user root by (uid=0)
2024-12-03 18:00:05,CRON: pam_unix(cron:session): session closed for user root
2024-12-03 19:45:30,10.0.2.100 - - "GET /downloads/data.tar.gz HTTP/1.1" 200 102456
2024-12-03 21:15:12,sshd: Failed password for root from 192.168.1.200 port 51234 ssh2
2024-12-03 21:15:14,sshd: Failed password for root from 192.168.1.200 port 51234 ssh2
2024-12-03 22:45:00,systemd: Starting Nightly Security Audit...
2024-12-03 22:50:12,systemd: Started Nightly Security Audit.
2024-12-04 00:00:01,systemd: Starting Log Rotation...
2024-12-04 02:15:45,10.0.5.45 - - "GET /health HTTP/1.1" 200 2
2024-12-04 04:30:12,192.168.1.105 - - "GET /admin/setup.php HTTP/1.1" 404 152
2024-12-04 08:00:01,systemd: Starting Daily Backup Script...
2024-12-04 10:12:34,192.168.1.10 - - "GET /api/v1/user/108 HTTP/1.1" 200 125
2024-12-04 12:00:12,sshd: Failed password for root from 192.168.1.200 port 51234 ssh2
2024-12-04 12:00:14,sshd: Failed password for root from 192.168.1.200 port 51234 ssh2
2024-12-04 14:40:12,mysqld: [Note] Initializing builtin self test.
2024-12-04 16:22:10,192.168.1.250 - - "GET /api/v1/metrics HTTP/1.1" 200 152
2024-12-04 18:00:01,CRON: pam_unix(cron:session): session opened for user root by (uid=0)
2024-12-04 18:00:05,CRON: pam_unix(cron:session): session closed for user root
2024-12-04 19:45:30,10.0.2.100 - - "GET /downloads/data.tar.gz HTTP/1.1" 200 102456
2024-12-04 21:15:12,sshd: Accepted password for root from 192.168.1.10 port 45672 ssh2
2024-12-04 21:15:13,pam_unix(sshd:session): session opened for user root by (uid=0)
2024-12-04 22:45:00,systemd: Starting Nightly Security Audit...
2024-12-04 22:50:12,systemd: Started Nightly Security Audit.
2024-12-05 00:00:01,systemd: Starting Log Rotation...
2024-12-05 02:15:45,10.0.5.45 - - "GET /health HTTP/1.1" 200 2
2024-12-05 04:30:12,192.168.1.105 - - "GET /admin/config.php HTTP/1.1" 404 152
2024-12-05 08:00:01,systemd: Starting Daily Temp Cleanup...
2024-12-05 10:12:34,192.168.1.10 - - "GET /api/v1/user/109 HTTP/1.1" 200 125
2024-12-05 12:00:12,sshd: Failed password for root from 192.168.1.200 port 51234 ssh2
2024-12-05 12:00:14,sshd: Failed password for root from 192.168.1.200 port 51234 ssh2
2024-12-05 14:40:12,mysqld: [Note] Initializing builtin self test.
2024-12-05 16:22:10,192.168.1.250 - - "GET /api/v1/metrics HTTP/1.1" 200 152
2024-12-05 18:00:01,CRON: pam_unix(cron:session): session opened for user root by (uid=0)
2024-12-05 18:00:05,CRON: pam_unix(cron:session): session closed for user root
2024-12-05 19:45:30,10.0.2.100 - - "GET /downloads/data.tar.gz HTTP/1.1" 200 102456
2024-12-05 21:15:12,sshd: Failed password for root from 192.168.1.200 port 51234 ssh2
2024-12-05 21:15:14,sshd: Failed password for root from 192.168.1.200 port 51234 ssh2
2024-12-05 22:45:00,systemd: Starting Nightly Security Audit...
2024-12-05 22:50:12,systemd: Started Nightly Security Audit.
2024-12-06 00:00:01,systemd: Starting Log Rotation...
2024-12-06 02:15:45,10.0.5.45 - - "GET /health HTTP/1.1" 200 2
2024-12-06 04:30:12,192.168.1.105 - - "GET /admin/setup.php HTTP/1.1" 404 152
2024-12-06 08:00:01,systemd: Starting Daily Backup Script...
2024-12-06 10:12:34,192.168.1.10 - - "GET /api/v1/user/110 HTTP/1.1" 200 125
2024-12-06 12:00:12,sshd: Accepted password for root from 192.168.1.10 port 45672 ssh2
2024-12-06 12:00:13,pam_unix(sshd:session): session opened for user root by (uid=0)
2024-12-06 14:40:12,mysqld: [Note] Initializing builtin self test.
2024-12-06 16:22:10,192.168.1.250 - - "GET /api/v1/metrics HTTP/1.1" 200 152
2024-12-06 18:00:01,CRON: pam_unix(cron:session): session opened for user root by (uid=0)
2024-12-06 18:00:05,CRON: pam_unix(cron:session): session closed for user root
2024-12-06 19:45:30,10.0.2.100 - - "GET /downloads/data.tar.gz HTTP/1.1" 200 102456
2024-12-06 21:15:12,sshd: Failed password for root from 192.168.1.200 port 51234 ssh2
2024-12-06 21:15:14,sshd: Failed password for root from 192.168.1.200 port 51234 ssh2
2024-12-06 22:45:00,systemd: Starting Nightly Security Audit...
2024-12-06 22:50:12,systemd: Started Nightly Security Audit.
2024-12-07 00:00:01,systemd: Starting Log Rotation...
2024-12-07 02:15:45,10.0.5.45 - - "GET /health HTTP/1.1" 200 2
2024-12-07 04:30:12,192.168.1.105 - - "GET /admin/config.php HTTP/1.1" 404 152
2024-12-07 08:00:01,systemd: Starting Periodic Log Cleanup...
2024-12-07 10:12:34,192.168.1.10 - - "GET /api/v1/user/111 HTTP/1.1" 200 125
2024-12-07 12:00:12,sshd: Failed password for root from 192.168.1.200 port 51234 ssh2
2024-12-07 12:00:14,sshd: Failed password for root from 192.168.1.200 port 51234 ssh2
2024-12-07 14:40:12,mysqld: [Note] Initializing builtin self test.
2024-12-07 16:22:10,192.168.1.250 - - "GET /api/v1/metrics HTTP/1.1" 200 152
2024-12-07 18:00:01,CRON: pam_unix(cron:session): session opened for user root by (uid=0)
2024-12-07 18:00:05,CRON: pam_unix(cron:session): session closed for user root
2024-12-07 19:45:30,10.0.2.100 - - "GET /downloads/data.tar.gz HTTP/1.1" 200 102456
2024-12-07 21:15:12,sshd: Accepted password for root from 192.168.1.10 port 45672 ssh2
2024-12-07 21:15:13,pam_unix(sshd:session): session opened for user root by (uid=0)
2024-12-07 22:45:00,systemd: Starting Nightly Security Audit...
2024-12-07 22:50:12,systemd: Started Nightly Security Audit.
2024-12-08 00:00:01,systemd: Starting Log Rotation...
2024-12-08 02:15:45,10.0.5.45 - - "GET /health HTTP/1.1" 200 2
2024-12-08 04:30:12,192.168.1.105 - - "GET /admin/setup.php HTTP/1.1" 404 152
2024-12-08 08:00:01,systemd: Starting Daily Backup Script...
2024-12-08 10:12:34,192.168.1.10 - - "GET /api/v1/user/112 HTTP/1.1" 200 125
2024-12-08 12:00:12,sshd: Failed password for root from 192.168.1.200 port 51234 ssh2
2024-12-08 12:00:14,sshd: Failed password for root from 192.168.1.200 port 51234 ssh2
2024-12-08 14:40:12,mysqld: [Note] Initializing builtin self test.
2024-12-08 16:22:10,192.168.1.250 - - "GET /api/v1/metrics HTTP/1.1" 200 152
2024-12-08 18:00:01,CRON: pam_unix(cron:session): session opened for user root by (uid=0)
2024-12-08 18:00:05,CRON: pam_unix(cron:session): session closed for user root
2024-12-08 19:45:30,10.0.2.100 - - "GET /downloads/data.tar.gz HTTP/1.1" 200 102456
2024-12-08 21:15:12,sshd: Failed password for root from 192.168.1.200 port 51234 ssh2
2024-12-08 21:15:14,sshd: Failed password for root from 192.168.1.200 port 51234 ssh2
2024-12-08 22:45:00,systemd: Starting Nightly Security Audit...
2024-12-08 22:50:12,systemd: Started Nightly Security Audit.
2024-12-09 00:00:01,systemd: Starting Log Rotation...
2024-12-09 02:15:45,10.0.5.45 - - "GET /health HTTP/1.1" 200 2
2024-12-09 04:30:12,192.168.1.105 - - "GET /admin/config.php HTTP/1.1" 404 152
2024-12-09 08:00:01,systemd: Starting Daily Temp Cleanup...
2024-12-09 10:12:34,192.168.1.10 - - "GET /api/v1/user/113 HTTP/1.1" 200 125
2024-12-09 12:00:12,sshd: Accepted password for root from 192.168.1.10 port 45672 ssh2
2024-12-09 12:00:13,pam_unix(sshd:session): session opened for user root by (uid=0)
2024-12-09 14:40:12,mysqld: [Note] Initializing builtin self test.
2024-12-09 16:22:10,192.168.1.250 - - "GET /api/v1/metrics HTTP/1.1" 200 152
2024-12-09 18:00:01,CRON: pam_unix(cron:session): session opened for user root by (uid=0)
2024-12-09 18:00:05,CRON: pam_unix(cron:session): session closed for user root
2024-12-09 19:45:30,10.0.2.100 - - "GET /downloads/data.tar.gz HTTP/1.1" 200 102456
2024-12-09 21:15:12,sshd: Failed password for root from 192.168.1.200 port 51234 ssh2
2024-12-09 21:15:14,sshd: Failed password for root from 192.168.1.200 port 51234 ssh2
2024-12-09 22:45:00,systemd: Starting Nightly Security Audit...
2024-12-09 22:50:12,systemd: Started Nightly Security Audit.
2024-12-10 00:00:01,systemd: Starting Log Rotation...
2024-12-10 02:15:45,10.0.5.45 - - "GET /health HTTP/1.1" 200 2
2024-12-10 04:30:12,192.168.1.105 - - "GET /admin/setup.php HTTP/1.1" 404 152
2024-12-10 08:00:01,systemd: Starting Daily Backup Script...
2024-12-10 10:12:34,192.168.1.10 - - "GET /api/v1/user/114 HTTP/1.1" 200 125
2024-12-10 12:00:12,sshd: Failed password for root from 192.168.1.200 port 51234 ssh2
2024-12-10 12:00:14,sshd: Failed password for root from 192.168.1.200 port 51234 ssh2
2024-12-10 14:40:12,mysqld: [Note] Initializing builtin self test.
2024-12-10 16:22:10,192.168.1.250 - - "GET /api/v1/metrics HTTP/1.1" 200 152
2024-12-10 18:00:01,CRON: pam_unix(cron:session): session opened for user root by (uid=0)
2024-12-10 18:00:05,CRON: pam_unix(cron:session): session closed for user root
2024-12-10 19:45:30,10.0.2.100 - - "GET /downloads/data.tar.gz HTTP/1.1" 200 102456
2024-12-10 21:15:12,sshd: Accepted password for root from 192.168.1.10 port 45672 ssh2
2024-12-10 21:15:13,pam_unix(sshd:session): session opened for user root by (uid=0)
2024-12-10 22:45:00,systemd: Starting Nightly Security Audit...
2024-12-10 22:50:12,systemd: Started Nightly Security Audit.
2024-12-11 00:00:01,systemd: Starting Log Rotation...
2024-12-11 02:15:45,10.0.5.45 - - "GET /health HTTP/1.1" 200 2
2024-12-11 04:30:12,192.168.1.105 - - "GET /admin/config.php HTTP/1.1" 404 152
2024-12-11 08:00:01,systemd: Starting Daily Temp Cleanup...
2024-12-11 10:12:34,192.168.1.10 - - "GET /api/v1/user/115 HTTP/1.1" 200 125
2024-12-11 12:00:12,sshd: Failed password for root from 192.168.1.200 port 51234 ssh2
2024-12-11 12:00:14,sshd: Failed password for root from 192.168.1.200 port 51234 ssh2
2024-12-11 14:40:12,mysqld: [Note] Initializing builtin self test.
2024-12-11 16:22:10,192.168.1.250 - - "GET /api/v1/metrics HTTP/1.1" 200 152
2024-12-11 18:00:01,CRON: pam_unix(cron:session): session opened for user root by (uid=0)
2024-12-11 18:00:05,CRON: pam_unix(cron:session): session closed for user root
2024-12-11 19:45:30,10.0.2.100 - - "GET /downloads/data.tar.gz HTTP/1.1" 200 102456
2024-12-11 21:15:12,sshd: Failed password for root from 192.168.1.200 port 51234 ssh2
2024-12-11 21:15:14,sshd: Failed password for root from 192.168.1.200 port 51234 ssh2
2024-12-11 22:45:00,systemd: Starting Nightly Security Audit...
2024-12-11 22:50:12,systemd: Started Nightly Security Audit.
2024-12-12 00:00:01,systemd: Starting Log Rotation...
2024-12-12 02:15:45,10.0.5.45 - - "GET /health HTTP/1.1" 200 2
2024-12-12 04:30:12,192.168.1.105 - - "GET /admin/setup.php HTTP/1.1" 404 152
2024-12-12 08:00:01,systemd: Starting Daily Backup Script...
2024-12-12 10:12:34,192.168.1.10 - - "GET /api/v1/user/116 HTTP/1.1" 200 125
2024-12-12 12:00:12,sshd: Accepted password for root from 192.168.1.10 port 45672 ssh2
2024-12-12 12:00:13,pam_unix(sshd:session): session opened for user root by (uid=0)
2024-12-12 14:40:12,mysqld: [Note] Initializing builtin self test.
2024-12-12 16:22:10,192.168.1.250 - - "GET /api/v1/metrics HTTP/1.1" 200 152
2024-12-12 18:00:01,CRON: pam_unix(cron:session): session opened for user root by (uid=0)
2024-12-12 18:00:05,CRON: pam_unix(cron:session): session closed for user root
2024-12-12 19:45:30,10.0.2.100 - - "GET /downloads/data.tar.gz HTTP/1.1" 200 102456
2024-12-12 21:15:12,sshd: Failed password for root from 192.168.1.200 port 51234 ssh2
2024-12-12 21:15:14,sshd: Failed password for root from 192.168.1.200 port 51234 ssh2
2024-12-12 22:45:00,systemd: Starting Nightly Security Audit...
2024-12-12 22:50:12,systemd: Started Nightly Security Audit.
2024-12-13 00:00:01,systemd: Starting Log Rotation...
2024-12-13 02:15:45,10.0.5.45 - - "GET /health HTTP/1.1" 200 2
2024-12-13 04:30:12,192.168.1.105 - - "GET /admin/config.php HTTP/1.1" 404 152
2024-12-13 08:00:01,systemd: Starting Daily Temp Cleanup...
2024-12-13 10:12:34,192.168.1.10 - - "GET /api/v1/user/117 HTTP/1.1" 200 125
2024-12-13 12:00:12,sshd: Failed password for root from 192.168.1.200 port 51234 ssh2
2024-12-13 12:00:14,sshd: Failed password for root from 192.168.1.200 port 51234 ssh2
2024-12-13 14:40:12,mysqld: [Note] Initializing builtin self test.
2024-12-13 16:22:10,192.168.1.250 - - "GET /api/v1/metrics HTTP/1.1" 200 152
2024-12-13 18:00:01,CRON: pam_unix(cron:session): session opened for user root by (uid=0)
2024-12-13 18:00:05,CRON: pam_unix(cron:session): session closed for user root
2024-12-13 19:45:30,10.0.2.100 - - "GET /downloads/data.tar.gz HTTP/1.1" 200 102456
2024-12-13 21:15:12,sshd: Accepted password for root from 192.168.1.10 port 45672 ssh2
2024-12-13 21:15:13,pam_unix(sshd:session): session opened for user root by (uid=0)
2024-12-13 22:45:00,systemd: Starting Nightly Security Audit...
2024-12-13 22:50:12,systemd: Started Nightly Security Audit.
2024-12-14 00:00:01,systemd: Starting Log Rotation...
2024-12-14 02:15:45,10.0.5.45 - - "GET /health HTTP/1.1" 200 2
2024-12-14 04:30:12,192.168.1.105 - - "GET /admin/setup.php HTTP/1.1" 404 152
2024-12-14 08:00:01,systemd: Starting Daily Backup Script...
2024-12-14 10:12:34,192.168.1.10 - - "GET /api/v1/user/118 HTTP/1.1" 200 125
2024-12-14 12:00:12,sshd: Failed password for root from 192.168.1.200 port 51234 ssh2
2024-12-14 12:00:14,sshd: Failed password for root from 192.168.1.200 port 51234 ssh2
2024-12-14 14:40:12,mysqld: [Note] Initializing builtin self test.
2024-12-14 16:22:10,192.168.1.250 - - "GET /api/v1/metrics HTTP/1.1" 200 152
2024-12-14 18:00:01,CRON: pam_unix(cron:session): session opened for user root by (uid=0)
2024-12-14 18:00:05,CRON: pam_unix(cron:session): session closed for user root
2024-12-14 19:45:30,10.0.2.100 - - "GET /downloads/data.tar.gz HTTP/1.1" 200 102456
2024-12-14 21:15:12,sshd: Failed password for root from 192.168.1.200 port 51234 ssh2
2024-12-14 21:15:14,sshd: Failed password for root from 192.168.1.200 port 51234 ssh2
2024-12-14 22:45:00,systemd: Starting Nightly Security Audit...
2024-12-14 22:50:12,systemd: Started Nightly Security Audit.
2024-12-15 00:00:01,systemd: Starting Log Rotation...
2024-12-15 02:15:45,10.0.5.45 - - "GET /health HTTP/1.1" 200 2
2024-12-15 04:30:12,192.168.1.105 - - "GET /admin/config.php HTTP/1.1" 404 152
2024-12-15 08:00:01,systemd: Starting Weekly Backup Script...
2024-12-15 10:12:34,192.168.1.10 - - "GET /api/v1/user/119 HTTP/1.1" 200 125
2024-12-15 12:00:12,sshd: Accepted password for root from 192.168.1.10 port 45672 ssh2
2024-12-15 12:00:13,pam_unix(sshd:session): session opened for user root by (uid=0)
2024-12-15 14:40:12,mysqld: [Note] Initializing builtin self test.
2024-12-15 16:22:10,192.168.1.250 - - "GET /api/v1/metrics HTTP/1.1" 200 152
2024-12-15 18:00:01,CRON: pam_unix(cron:session): session opened for user root by (uid=0)
2024-12-15 18:00:05,CRON: pam_unix(cron:session): session closed for user root
2024-12-15 19:45:30,10.0.2.100 - - "GET /downloads/data.tar.gz HTTP/1.1" 200 102456
2024-12-15 21:15:12,sshd: Failed password for root from 192.168.1.200 port 51234 ssh2
2024-12-15 21:15:14,sshd: Failed password for root from 192.168.1.200 port 51234 ssh2
2024-12-15 22:45:00,systemd: Starting Nightly Security Audit...
2024-12-15 22:50:12,systemd: Started Nightly Security Audit.
2024-12-16 00:00:01,systemd: Starting Log Rotation...
2024-12-16 08:00:01,systemd: Starting Daily Temp Cleanup...
2024-12-16 12:00:12,sshd: Accepted password for root from 192.168.1.10 port 45672 ssh2
2024-12-16 18:00:01,CRON: pam_unix(cron:session): session opened for user root by (uid=0)
2024-12-16 18:00:05,CRON: pam_unix(cron:session): session closed for user root
2024-12-16 22:45:00,systemd: Starting Nightly Security Audit...
2024-12-16 22:50:12,systemd: Started Nightly Security Audit.